Workbook

Sheet FBYields
A1: %Data Source: University of Chicago CRSP
A2: % | C2: 1 - 5 years: Fama Bliss Yields, continuously compounded
A3: % | C3: 1 - 3 months: Fama Interest Rates, continuously compounded
A5: % Date | C5: 1 month | D5: 3 month | E5: 1 year | F5: 2 year | G5: 3 year | H5: 4 year | I5: 5 year
A6: 19520630 | B6: =ROUND(A6/100,0) -> 195206 | C6: 1.7654975 | D6: 1.7678631 | E6: 1.8390447 | F6: 1.909433 | G6: 1.9751412 | H6: 1.9128122 | I6: 2.0166813
A7: 19520731 | B7: =ROUND(A7/100,0) -> 195207 | C7: 1.8113256 | D7: 1.8953939 | E7: 1.9236276 | F7: 2.0274979 | G7: 2.0907292 | H7: 1.9993806 | I7: 2.1390484
A8: 19520829 | B8: =ROUND(A8/100,0) -> 195208 | C8: 1.6996199 | D8: 1.8648337 | E8: 1.9506124 | F8: 2.0485161 | G8: 2.1360283 | H8: 2.0407651 | I8: 2.2002069
A9: 19520930 | B9: =ROUND(A9/100,0) -> 195209 | C9: 1.5217846 | D9: 1.7067942 | E9: 1.9884517 | F9: 2.0881069 | G9: 2.1494679 | H9: 2.0598495 | I9: 2.2917838
A10: 19521031 | B10: =ROUND(A10/100,0) -> 195210 | C10: 1.4203329 | D10: 1.7934879 | E10: 1.9125448 | F10: 2.060032 | G10: 2.1483427 | H10: 2.102396 | I10: 2.1672628
A11: 19521128 | B11: =ROUND(A11/100,0) -> 195211 | C11: 1.8265465 | D11: 1.9920987 | E11: 2.0545478 | F11: 2.1695072 | G11: 2.186373 | H11: 2.113493 | I11: 2.1843991
A12: 19521231 | B12: =ROUND(A12/100,0) -> 195212 | C12: 1.9535917 | D12: 2.0329971 | E12: 1.9980839 | F12: 2.1907336 | G12: 2.2112422 | H12: 2.1090327 | I12: 2.2085657
A13: 19530130 | B13: =ROUND(A13/100,0) -> 195301 | C13: 1.8266122 | D13: 1.9818999 | E13: 1.9734958 | F13: 2.144469 | G13: 2.1315328 | H13: 2.1327378 | I13: 2.2673045
A14: 19530227 | B14: =ROUND(A14/100,0) -> 195302 | C14: 2.0296965 | D14: 2.124579 | E14: 2.0765877 | F14: 2.1929464 | G14: 2.177328 | H14: 2.1858603 | I14: 2.3454806
A15: 19530331 | B15: =ROUND(A15/100,0) -> 195303 | C15: 1.9888977 | D15: 2.058514 | E15: 2.0742052 | F15: 2.2143717 | G15: 2.3520566 | H15: 2.358936 | I15: 2.4833253
A16: 19530430 | B16: =ROUND(A16/100,0) -> 195304 | C16: 2.0805927 | D16: 2.2724616 | E16: 2.3642006 | F16: 2.4834494 | G16: 2.1947546 | H16: 2.4213906 | I16: 2.6902734
A17: 19530529 | B17: =ROUND(A17/100,0) -> 195305 | C17: 1.9281092 | D17: 2.2673084 | E17: 2.5952844 | F17: 2.654605 | G17: 2.4115536 | H17: 2.6242461 | I17: 3.0356604
... A864: 20231229 | B864: =ROUND(A864/100,0) -> 202312 | C864: 5.3812154 | D864: 5.2965193 | E864: 4.692867 | F864: 4.1712634 | G864: 3.9290623 | H864: 3.8595651 | I864: 3.8011438

Sheet Annual
A1: %Data Source: University of Chicago CRSP
A2: % | V2: Log Holding Period Returns (%) = | Z2: Excess Holding Period Return
A3: % | V3: = LN(Z(t+1,T-1)/Z(t,T))*100 | Z3: = Log HPR - 1-year yield
G4: Zeroes ("exp(-yield * Mat)") | L4: Forwards Prices (Z(T2)/Z(T1)) | Q4: Yield (%) | R4: Forward Rates (%) | V4: Bond Maturity at Investment Time | AL4: Beta | AN4: (X'X)^{-1) | AU4: X'Y
A5: % Date | B5: 1 year | C5: 2 year | D5: 3 year | E5: 4 year | F5: 5 year | G5: 1 | H5: 2 | I5: 3 | J5: 4 | K5: 5 | L5: 1->2 | M5: 2->3 | N5: 3->4 | O5: 4->5 | Q5: 0->1 | R5: 1->2 | S5: 2->3 | T5: 3->4 | U5: 4->5 | V5: 2 | W5: 3 | X5: 4 | Y5: 5 | Z5: 2 | AA5: 3 | AB5: 4 | AC5: 5 | AD5: Ave[xr] | AE5: CP | AL5: {=MMULT(AN5:AS10,AU5:AU10)} -> -1.0398619 | AN5: {=MINVERSE(MMULT(TRANSPOSE(P6:U73),(P6:U73)))} -> 0.12533941 | AO5: -0.024300176 | AP5: 0.079786039 | AQ5: -0.0092788946 | AR5: -0.042454998 | AS5: -0.01923777 | AU5: {=MMULT(TRANSPOSE(P6:U73),AD7:AD74)} -> 61.889236
A6: =195306 -> 195306 | B6: =LOOKUP($A6,FBYields!$B$6:$B$7864,FBYields!E$6:E$864) -> 2.4207485 | C6: =LOOKUP($A6,FBYields!$B$6:$B$7864,FBYields!F$6:F$864) -> 2.4430178 | D6: =LOOKUP($A6,FBYields!$B$6:$B$7864,FBYields!G$6:G$864) -> 2.3064288 | E6: =LOOKUP($A6,FBYields!$B$6:$B$7864,FBYields!H$6:H$864) -> 2.4397418 | F6: =LOOKUP($A6,FBYields!$B$6:$B$7864,FBYields!I$6:I$864) -> 2.7915219 | G6: =EXP(-B6/100*G$5) -> 0.97608317 | H6: =EXP(-C6/100*H$5) -> 0.95231411 | I6: =EXP(-D6/100*I$5) -> 0.93314669 | J6: =EXP(-E6/100*J$5) -> 0.907021 | K6: =EXP(-F6/100*K$5) -> 0.86972684 | L6: =H6/G6 -> 0.97564853 | M6: =I6/H6 -> 0.97987281 | N6: =J6/I6 -> 0.97200259 | O6: =K6/J6 -> 0.9588828 | P6: 1 | Q6: =B6 -> 2.4207485 | R6: =-LN(L6)*100 -> 2.4652871 | S6: =-LN(M6)*100 -> 2.0332507 | T6: =-LN(N6)*100 -> 2.8396809 | U6: =-LN(O6)*100 -> 4.1986421 | V6: NaN | W6: NaN | X6: NaN | Y6: NaN | Z6: NaN | AA6: NaN | AB6: NaN | AC6: NaN | AD6: NaN | AE6: =MMULT(P6:U6,$AL$5:$AL$10) -> -1.0892432 | AL6: -1.4439111 | AN6: -0.024300176 | AO6: 0.057435382 | AP6: -0.085618858 | AQ6: -0.0036753703 | AR6: 0.024766231 | AS6: 0.012392448 | AU6: 350.12013
A7: =A6+100 -> 195406 | B7: =LOOKUP($A7,FBYields!$B$6:$B$7864,FBYields!E$6:E$864) -> 0.7316596 | C7: =LOOKUP($A7,FBYields!$B$6:$B$7864,FBYields!F$6:F$864) -> 0.91252897 | D7: =LOOKUP($A7,FBYields!$B$6:$B$7864,FBYields!G$6:G$864) -> 1.319604 | E7: =LOOKUP($A7,FBYields!$B$6:$B$7864,FBYields!H$6:H$864) -> 1.6478814 | F7: =LOOKUP($A7,FBYields!$B$6:$B$7864,FBYields!I$6:I$864) -> 1.7668413 | G7: =EXP(-B7/100*G$5) -> 0.99271011 | H7: =EXP(-C7/100*H$5) -> 0.98191495 | I7: =EXP(-D7/100*I$5) -> 0.96118525 | J7: =EXP(-E7/100*J$5) -> 0.9362102 | K7: =EXP(-F7/100*K$5) -> 0.91544768 | L7: =H7/G7 -> 0.98912558 | M7: =I7/H7 -> 0.97888849 | N7: =J7/I7 -> 0.9740164 | O7: =K7/J7 -> 0.9778228 | P7: =P6 -> 1 | Q7: =B7 -> 0.7316596 | R7: =-LN(L7)*100 -> 1.0933983 | S7: =-LN(M7)*100 -> 2.1337541 | T7: =-LN(N7)*100 -> 2.6327134 | U7: =-LN(O7)*100 -> 2.2426813 | V7: =LN(G7/H6)*100 -> 4.154376 | W7: =LN(H7/I6)*100 -> 5.0942283 | X7: =LN(I7/J6)*100 -> 5.8001551 | Y7: =LN(J7/K6)*100 -> 7.3660838 | Z7: =V7-$B6 -> 1.7336275 | AA7: =W7-$B6 -> 2.6734798 | AB7: =X7-$B6 -> 3.3794066 | AC7: =Y7-$B6 -> 4.9453354 | AD7: =AVERAGE(Z7:AC7) -> 3.1829623 | AE7: {=MMULT(P7:U7,$AL$5:$AL$10)} -> 0.82008156 | AL7: 0.39135866 | AN7: 0.079786039 | AO7: -0.085618858 | AP7: 0.21577041 | AQ7: -0.087843488 | AR7: -0.052789365 | AS7: 2.3095582e-05 | AU7: 424.04344
A8: =A7+100 -> 195506 | B8: =LOOKUP($A8,FBYields!$B$6:$B$7864,FBYields!E$6:E$864) -> 1.8391172 | C8: =LOOKUP($A8,FBYields!$B$6:$B$7864,FBYields!F$6:F$864) -> 2.1658956 | D8: =LOOKUP($A8,FBYields!$B$6:$B$7864,FBYields!G$6:G$864) -> 2.4253657 | E8: =LOOKUP($A8,FBYields!$B$6:$B$7864,FBYields!H$6:H$864) -> 2.4463709 | F8: =LOOKUP($A8,FBYields!$B$6:$B$7864,FBYields!I$6:I$864) -> 2.5128154 | G8: =EXP(-B8/100*G$5) -> 0.98177691 | H8: =EXP(-C8/100*H$5) -> 0.95760691 | I8: =EXP(-D8/100*I$5) -> 0.92982306 | J8: =EXP(-E8/100*J$5) -> 0.90678053 | K8: =EXP(-F8/100*K$5) -> 0.88193161 | L8: =H8/G8 -> 0.97538137 | M8: =I8/H8 -> 0.97098616 | N8: =J8/I8 -> 0.97521837 | O8: =K8/J8 -> 0.97259655 | P8: =P7 -> 1 | Q8: =B8 -> 1.8391172 | R8: =-LN(L8)*100 -> 2.492674 | S8: =-LN(M8)*100 -> 2.944306 | T8: =-LN(N8)*100 -> 2.5093864 | U8: =-LN(O8)*100 -> 2.7785933 | V8: =LN(G8/H7)*100 -> -0.014059302 | W8: =LN(H8/I7)*100 -> -0.37297914 | X8: =LN(I8/J7)*100 -> -0.68457182 | Y8: =LN(J8/K7)*100 -> -0.95127694 | Z8: =V8-$B7 -> -0.7457189 | AA8: =W8-$B7 -> -1.1046387 | AB8: =X8-$B7 -> -1.4162314 | AC8: =Y8-$B7 -> -1.6829365 | AD8: =AVERAGE(Z8:AC8) -> -1.2373814 | AE8: {=MMULT(P8:U8,$AL$5:$AL$10)} -> 1.0405207 | AL8: 1.4512305 | AN8: -0.0092788946 | AO8: -0.0036753703 | AP8: -0.087843488 | AQ8: 0.16433034 | AR8: -0.028509361 | AS8: -0.044955814 | AU8: 465.17721
A9: =A8+100 -> 195606 | B9: =LOOKUP($A9,FBYields!$B$6:$B$7864,FBYields!E$6:E$864) -> 2.5495807 | C9: =LOOKUP($A9,FBYields!$B$6:$B$7864,FBYields!F$6:F$864) -> 2.8188716 | D9: =LOOKUP($A9,FBYields!$B$6:$B$7864,FBYields!G$6:G$864) -> 2.7805114 | E9: =LOOKUP($A9,FBYields!$B$6:$B$7864,FBYields!H$6:H$864) -> 2.8263462 | F9: =LOOKUP($A9,FBYields!$B$6:$B$7864,FBYields!I$6:I$864) -> 2.8428328 | G9: =EXP(-B9/100*G$5) -> 0.97482647 | H9: =EXP(-C9/100*H$5) -> 0.94518233 | I9: =EXP(-D9/100*I$5) -> 0.91996897 | J9: =EXP(-E9/100*J$5) -> 0.89310257 | K9: =EXP(-F9/100*K$5) -> 0.86749838 | L9: =H9/G9 -> 0.96959034 | M9: =I9/H9 -> 0.97332434 | N9: =J9/I9 -> 0.97079641 | O9: =K9/J9 -> 0.97133119 | P9: =P8 -> 1 | Q9: =B9 -> 2.5495807 | R9: =-LN(L9)*100 -> 3.0881625 | S9: =-LN(M9)*100 -> 2.7037909 | T9: =-LN(N9)*100 -> 2.9638506 | U9: =-LN(O9)*100 -> 2.9087791 | V9: =LN(G9/H8)*100 -> 1.7822105 | W9: =LN(H9/I8)*100 -> 1.638354 | X9: =LN(I9/J8)*100 -> 1.4439496 | Y9: =LN(J9/K8)*100 -> 1.2586923 | Z9: =V9-$B8 -> -0.056906705 | AA9: =W9-$B8 -> -0.20076319 | AB9: =X9-$B8 -> -0.39516764 | AC9: =Y9-$B8 -> -0.58042491 | AD9: =AVERAGE(Z9:AC9) -> -0.30831561 | AE9: {=MMULT(P9:U9,$AL$5:$AL$10)} -> -0.23318979 | AL9: -0.32016001 | AN9: -0.042454998 | AO9: 0.024766231 | AP9: -0.052789365 | AQ9: -0.028509361 | AR9: 0.071097739 | AS9: -0.009442098 | AU9: 477.64033
A10: =A9+100 -> 195706 | B10: =LOOKUP($A10,FBYields!$B$6:$B$7864,FBYields!E$6:E$864) -> 3.5808036 | C10: =LOOKUP($A10,FBYields!$B$6:$B$7864,FBYields!F$6:F$864) -> 3.5127718 | D10: =LOOKUP($A10,FBYields!$B$6:$B$7864,FBYields!G$6:G$864) -> 3.7130381 | E10: =LOOKUP($A10,FBYields!$B$6:$B$7864,FBYields!H$6:H$864) -> 3.8456421 | F10: =LOOKUP($A10,FBYields!$B$6:$B$7864,FBYields!I$6:I$864) -> 3.9460548 | G10: =EXP(-B10/100*G$5) -> 0.96482549 | H10: =EXP(-C10/100*H$5) -> 0.93215568 | I10: =EXP(-D10/100*I$5) -> 0.89458877 | J10: =EXP(-E10/100*J$5) -> 0.85742147 | K10: =EXP(-F10/100*K$5) -> 0.82094206 | L10: =H10/G10 -> 0.96613916 | M10: =I10/H10 -> 0.95969889 | N10: =J10/I10 -> 0.9584532 | O10: =K10/J10 -> 0.95745452 | P10: =P9 -> 1 | Q10: =B10 -> 3.5808036 | R10: =-LN(L10)*100 -> 3.44474 | S10: =-LN(M10)*100 -> 4.1135705 | T10: =-LN(N10)*100 -> 4.2434544 | U10: =-LN(O10)*100 -> 4.3477055 | V10: =LN(G10/H9)*100 -> 2.0569396 | W10: =LN(H10/I9)*100 -> 1.3159904 | X10: =LN(I10/J9)*100 -> 0.16627048 | Y10: =LN(J10/K9)*100 -> -1.1684048 | Z10: =V10-$B9 -> -0.49264113 | AA10: =W10-$B9 -> -1.2335903 | AB10: =X10-$B9 -> -2.3833102 | AC10: =Y10-$B9 -> -3.7179855 | AD10: =AVERAGE(Z10:AC10) -> -1.9568818 | AE10: {=MMULT(P10:U10,$AL$5:$AL$10)} -> 0.20425567 | AL10: 0.10469809 | AN10: -0.01923777 | AO10: 0.012392448 | AP10: 2.3095582e-05 | AQ10: -0.044955814 | AR10: -0.009442098 | AS10: 0.045168392 | AU10: 495.23607
A11: =A10+100 -> 195806 | B11: =LOOKUP($A11,FBYields!$B$6:$B$7864,FBYields!E$6:E$864) -> 1.0999652 | C11: =LOOKUP($A11,FBYields!$B$6:$B$7864,FBYields!F$6:F$864) -> 1.6663812 | D11: =LOOKUP($A11,FBYields!$B$6:$B$7864,FBYields!G$6:G$864) -> 2.1979458 | E11: =LOOKUP($A11,FBYields!$B$6:$B$7864,FBYields!H$6:H$864) -> 2.4896743 | F11: =LOOKUP($A11,FBYields!$B$6:$B$7864,FBYields!I$6:I$864) -> 2.5612101 | G11: =EXP(-B11/100*G$5) -> 0.98906062 | H11: =EXP(-C11/100*H$5) -> 0.96722162 | I11: =EXP(-D11/100*I$5) -> 0.93618856 | J11: =EXP(-E11/100*J$5) -> 0.90521122 | K11: =EXP(-F11/100*K$5) -> 0.87980015 | L11: =H11/G11 -> 0.97791945 | M11: =I11/H11 -> 0.96791525 | N11: =J11/I11 -> 0.96691122 | O11: =K11/J11 -> 0.97192802 | P11: =P10 -> 1 | Q11: =B11 -> 1.0999652 | R11: =-LN(L11)*100 -> 2.2327973 | S11: =-LN(M11)*100 -> 3.261075 | T11: =-LN(N11)*100 -> 3.3648598 | U11: =-LN(O11)*100 -> 2.8473533 | V11: =LN(G11/H10)*100 -> 5.9255785 | W11: =LN(H11/I10)*100 -> 7.8063517 | X11: =LN(I11/J10)*100 -> 8.7887312 | Y11: =LN(J11/K10)*100 -> 9.7715769 | Z11: =V11-$B10 -> 2.3447749 | AA11: =W11-$B10 -> 4.2255481 | AB11: =X11-$B10 -> 5.2079275 | AC11: =Y11-$B10 -> 6.1907733 | AD11: =AVERAGE(Z11:AC11) -> 4.4922559 | AE11: {=MMULT(P11:U11,$AL$5:$AL$10)} -> 2.1991011
A12: =A11+100 -> 195906 | B12: =LOOKUP($A12,FBYields!$B$6:$B$7864,FBYields!E$6:E$864) -> 4.083102 | C12: =LOOKUP($A12,FBYields!$B$6:$B$7864,FBYields!F$6:F$864) -> 4.2861825 | D12: =LOOKUP($A12,FBYields!$B$6:$B$7864,FBYields!G$6:G$864) -> 4.2760092 | E12: =LOOKUP($A12,FBYields!$B$6:$B$7864,FBYields!H$6:H$864) -> 4.414522 | F12: =LOOKUP($A12,FBYields!$B$6:$B$7864,FBYields!I$6:I$864) -> 4.4325816 | G12: =EXP(-B12/100*G$5) -> 0.95999134 | H12: =EXP(-C12/100*H$5) -> 0.91784784 | I12: =EXP(-D12/100*I$5) -> 0.87960681 | J12: =EXP(-E12/100*J$5) -> 0.83813099 | K12: =EXP(-F12/100*K$5) -> 0.8012125 | L12: =H12/G12 -> 0.95610013 | M12: =I12/H12 -> 0.9583362 | N12: =J12/I12 -> 0.95284732 | O12: =K12/J12 -> 0.9559514 | P12: =P11 -> 1 | Q12: =B12 -> 4.083102 | R12: =-LN(L12)*100 -> 4.4892629 | S12: =-LN(M12)*100 -> 4.2556627 | T12: =-LN(N12)*100 -> 4.8300602 | U12: =-LN(O12)*100 -> 4.5048201 | V12: =LN(G12/H11)*100 -> -0.75033956 | W12: =LN(H12/I11)*100 -> -1.9785275 | X12: =LN(I12/J11)*100 -> -2.8693305 | Y12: =LN(J12/K11)*100 -> -4.8520374 | Z12: =V12-$B11 -> -1.8503047 | AA12: =W12-$B11 -> -3.0784926 | AB12: =X12-$B11 -> -3.9692956 | AC12: =Y12-$B11 -> -5.9520025 | AD12: =AVERAGE(Z12:AC12) -> -3.7125239 | AE12: {=MMULT(P12:U12,$AL$5:$AL$10)} -> -0.077384983
A13: =A12+100 -> 196006 | B13: =LOOKUP($A13,FBYields!$B$6:$B$7864,FBYields!E$6:E$864) -> 3.1688928 | C13: =LOOKUP($A13,FBYields!$B$6:$B$7864,FBYields!F$6:F$864) -> 3.6993852 | D13: =LOOKUP($A13,FBYields!$B$6:$B$7864,FBYields!G$6:G$864) -> 3.7523478 | E13: =LOOKUP($A13,FBYields!$B$6:$B$7864,FBYields!H$6:H$864) -> 3.9500697 | F13: =LOOKUP($A13,FBYields!$B$6:$B$7864,FBYields!I$6:I$864) -> 3.9785961 | G13: =EXP(-B13/100*G$5) -> 0.9688079 | H13: =EXP(-C13/100*H$5) -> 0.92868311 | I13: =EXP(-D13/100*I$5) -> 0.89353441 | J13: =EXP(-E13/100*J$5) -> 0.8538474 | K13: =EXP(-F13/100*K$5) -> 0.81960743 | L13: =H13/G13 -> 0.95858334 | M13: =I13/H13 -> 0.9621521 | N13: =J13/I13 -> 0.95558424 | O13: =K13/J13 -> 0.95989919 | P13: =P12 -> 1 | Q13: =B13 -> 3.1688928 | R13: =-LN(L13)*100 -> 4.2298775 | S13: =-LN(M13)*100 -> 3.8582729 | T13: =-LN(N13)*100 -> 4.5432357 | U13: =-LN(O13)*100 -> 4.0927013 | V13: =LN(G13/H12)*100 -> 5.4034721 | W13: =LN(H13/I12)*100 -> 5.4292573 | X13: =LN(I13/J12)*100 -> 6.4010445 | Y13: =LN(J13/K12)*100 -> 6.362629 | Z13: =V13-$B12 -> 1.3203701 | AA13: =W13-$B12 -> 1.3461553 | AB13: =X13-$B12 -> 2.3179425 | AC13: =Y13-$B12 -> 2.279527 | AD13: =AVERAGE(Z13:AC13) -> 1.8159987 | AE13: {=MMULT(P13:U13,$AL$5:$AL$10)} -> 0.61311659
A14: =A13+100 -> 196106 | B14: =LOOKUP($A14,FBYields!$B$6:$B$7864,FBYields!E$6:E$864) -> 2.9978782 | C14: =LOOKUP($A14,FBYields!$B$6:$B$7864,FBYields!F$6:F$864) -> 3.2571058 | D14: =LOOKUP($A14,FBYields!$B$6:$B$7864,FBYields!G$6:G$864) -> 3.5129107 | E14: =LOOKUP($A14,FBYields!$B$6:$B$7864,FBYields!H$6:H$864) -> 3.6276081 | F14: =LOOKUP($A14,FBYields!$B$6:$B$7864,FBYields!I$6:I$864) -> 3.627749 | G14: =EXP(-B14/100*G$5) -> 0.97046612 | H14: =EXP(-C14/100*H$5) -> 0.9369343 | I14: =EXP(-D14/100*I$5) -> 0.89997588 | J14: =EXP(-E14/100*J$5) -> 0.86493206 | K14: =EXP(-F14/100*K$5) -> 0.83411212 | L14: =H14/G14 -> 0.96544771 | M14: =I14/H14 -> 0.96055388 | N14: =J14/I14 -> 0.96106138 | O14: =K14/J14 -> 0.96436722 | P14: =P13 -> 1 | Q14: =B14 -> 2.9978782 | R14: =-LN(L14)*100 -> 3.5163334 | S14: =-LN(M14)*100 -> 4.0245205 | T14: =-LN(N14)*100 -> 3.9717003 | U14: =-LN(O14)*100 -> 3.6283125 | V14: =LN(G14/H13)*100 -> 4.4008922 | W14: =LN(H14/I13)*100 -> 4.7428317 | X14: =LN(I14/J13)*100 -> 5.2615469 | Y14: =LN(J14/K13)*100 -> 5.3825479 | Z14: =V14-$B13 -> 1.2319994 | AA14: =W14-$B13 -> 1.5739389 | AB14: =X14-$B13 -> 2.0926541 | AC14: =Y14-$B13 -> 2.2136551 | AD14: =AVERAGE(Z14:AC14) -> 1.7780619 | AE14: {=MMULT(P14:U14,$AL$5:$AL$10)} -> 0.95642055
A15: =A14+100 -> 196206 | B15: =LOOKUP($A15,FBYields!$B$6:$B$7864,FBYields!E$6:E$864) -> 3.0712128 | C15: =LOOKUP($A15,FBYields!$B$6:$B$7864,FBYields!F$6:F$864) -> 3.377472 | D15: =LOOKUP($A15,FBYields!$B$6:$B$7864,FBYields!G$6:G$864) -> 3.4806611 | E15: =LOOKUP($A15,FBYields!$B$6:$B$7864,FBYields!H$6:H$864) -> 3.6102472 | F15: =LOOKUP($A15,FBYields!$B$6:$B$7864,FBYields!I$6:I$864) -> 3.6521044 | G15: =EXP(-B15/100*G$5) -> 0.9697547 | H15: =EXP(-C15/100*H$5) -> 0.93468151 | I15: =EXP(-D15/100*I$5) -> 0.90084701 | J15: =EXP(-E15/100*J$5) -> 0.8655329 | K15: =EXP(-F15/100*K$5) -> 0.83309698 | L15: =H15/G15 -> 0.96383293 | M15: =I15/H15 -> 0.96380104 | N15: =J15/I15 -> 0.96079899 | O15: =K15/J15 -> 0.96252491 | P15: =P14 -> 1 | Q15: =B15 -> 3.0712128 | R15: =-LN(L15)*100 -> 3.6837313 | S15: =-LN(M15)*100 -> 3.6870392 | T15: =-LN(N15)*100 -> 3.9990056 | U15: =-LN(O15)*100 -> 3.8195331 | V15: =LN(G15/H14)*100 -> 3.4429988 | W15: =LN(H15/I14)*100 -> 3.783788 | X15: =LN(I15/J14)*100 -> 4.0684491 | Y15: =LN(J15/K14)*100 -> 3.697756 | Z15: =V15-$B14 -> 0.44512064 | AA15: =W15-$B14 -> 0.78590985 | AB15: =X15-$B14 -> 1.070571 | AC15: =Y15-$B14 -> 0.69987787 | AD15: =AVERAGE(Z15:AC15) -> 0.75036983 | AE15: {=MMULT(P15:U15,$AL$5:$AL$10)} -> 0.43755976
A16: =A15+100 -> 196306 | B16: =LOOKUP($A16,FBYields!$B$6:$B$7864,FBYields!E$6:E$864) -> 3.1257007 | C16: =LOOKUP($A16,FBYields!$B$6:$B$7864,FBYields!F$6:F$864) -> 3.2785651 | D16: =LOOKUP($A16,FBYields!$B$6:$B$7864,FBYields!G$6:G$864) -> 3.5351513 | E16: =LOOKUP($A16,FBYields!$B$6:$B$7864,FBYields!H$6:H$864) -> 3.7134923 | F16: =LOOKUP($A16,FBYields!$B$6:$B$7864,FBYields!I$6:I$864) -> 3.7706896 | G16: =EXP(-B16/100*G$5) -> 0.96922644 | H16: =EXP(-C16/100*H$5) -> 0.93653227 | I16: =EXP(-D16/100*I$5) -> 0.8993756 | J16: =EXP(-E16/100*J$5) -> 0.86196579 | K16: =EXP(-F16/100*K$5) -> 0.82817195 | L16: =H16/G16 -> 0.96626776 | M16: =I16/H16 -> 0.96032526 | N16: =J16/I16 -> 0.95840469 | O16: =K16/J16 -> 0.96079445 | P16: =P15 -> 1 | Q16: =B16 -> 3.1257007 | R16: =-LN(L16)*100 -> 3.4314295 | S16: =-LN(M16)*100 -> 4.0483237 | T16: =-LN(N16)*100 -> 4.2485154 | U16: =-LN(O16)*100 -> 3.9994785 | V16: =LN(G16/H15)*100 -> 3.6292433 | W16: =LN(H16/I15)*100 -> 3.884853 | X16: =LN(I16/J15)*100 -> 3.835535 | Y16: =LN(J16/K15)*100 -> 3.4065527 | Z16: =V16-$B15 -> 0.55803051 | AA16: =W16-$B15 -> 0.81364027 | AB16: =X16-$B15 -> 0.76432221 | AC16: =Y16-$B15 -> 0.33533989 | AD16: =AVERAGE(Z16:AC16) -> 0.61783322 | AE16: {=MMULT(P16:U16,$AL$5:$AL$10)} -> 0.72340734
A17: =A16+100 -> 196406 | B17: =LOOKUP($A17,FBYields!$B$6:$B$7864,FBYields!E$6:E$864) -> 3.7795393 | C17: =LOOKUP($A17,FBYields!$B$6:$B$7864,FBYields!F$6:F$864) -> 3.778504 | D17: =LOOKUP($A17,FBYields!$B$6:$B$7864,FBYields!G$6:G$864) -> 3.8935326 | E17: =LOOKUP($A17,FBYields!$B$6:$B$7864,FBYields!H$6:H$864) -> 3.9724797 | F17: =LOOKUP($A17,FBYields!$B$6:$B$7864,FBYields!I$6:I$864) -> 3.9773172 | G17: =EXP(-B17/100*G$5) -> 0.96290994 | H17: =EXP(-C17/100*H$5) -> 0.92721475 | I17: =EXP(-D17/100*I$5) -> 0.88975781 | J17: =EXP(-E17/100*J$5) -> 0.85308236 | K17: =EXP(-F17/100*K$5) -> 0.81965983 | L17: =H17/G17 -> 0.96292988 | M17: =I17/H17 -> 0.95960273 | N17: =J17/I17 -> 0.95878041 | O17: =K17/J17 -> 0.96082146 | P17: =P16 -> 1 | Q17: =B17 -> 3.7795393 | R17: =-LN(L17)*100 -> 3.7774686 | S17: =-LN(M17)*100 -> 4.12359 | T17: =-LN(N17)*100 -> 4.2093207 | U17: =-LN(O17)*100 -> 3.9966673 | V17: =LN(G17/H16)*100 -> 2.7775909 | W17: =LN(H17/I16)*100 -> 3.0484459 | X17: =LN(I17/J16)*100 -> 3.1733714 | Y17: =LN(J17/K16)*100 -> 2.9635291 | Z17: =V17-$B16 -> -0.34810984 | AA17: =W17-$B16 -> -0.07725481 | AB17: =X17-$B16 -> 0.04767061 | AC17: =Y17-$B16 -> -0.16217165 | AD17: =AVERAGE(Z17:AC17) -> -0.13496642 | AE17: {=MMULT(P17:U17,$AL$5:$AL$10)} -> 0.036231093
A18: =A17+100 -> 196506 | B18: =LOOKUP($A18,FBYields!$B$6:$B$7864,FBYields!E$6:E$864) -> 3.9764244 | C18: =LOOKUP($A18,FBYields!$B$6:$B$7864,FBYields!F$6:F$864) -> 3.9317456 | D18: =LOOKUP($A18,FBYields!$B$6:$B$7864,FBYields!G$6:G$864) -> 4.0044584 | E18: =LOOKUP($A18,FBYields!$B$6:$B$7864,FBYields!H$6:H$864) -> 4.0173986 | F18: =LOOKUP($A18,FBYields!$B$6:$B$7864,FBYields!I$6:I$864) -> 4.0935292 | G18: =EXP(-B18/100*G$5) -> 0.96101598 | H18: =EXP(-C18/100*H$5) -> 0.92437734 | I18: =EXP(-D18/100*I$5) -> 0.88680182 | J18: =EXP(-E18/100*J$5) -> 0.85155095 | K18: =EXP(-F18/100*K$5) -> 0.81491093 | L18: =H18/G18 -> 0.9618751 | M18: =I18/H18 -> 0.95935045 | N18: =J18/I18 -> 0.96024944 | O18: =K18/J18 -> 0.9569726 | P18: =P17 -> 1 | Q18: =B18 -> 3.9764244 | R18: =-LN(L18)*100 -> 3.8870668 | S18: =-LN(M18)*100 -> 4.1498839 | T18: =-LN(N18)*100 -> 4.0562192 | U18: =-LN(O18)*100 -> 4.3980516 | V18: =LN(G18/H17)*100 -> 3.5805835 | W18: =LN(H18/I17)*100 -> 3.8171067 | X18: =LN(I18/J17)*100 -> 3.8765435 | Y18: =LN(J18/K17)*100 -> 3.8169917 | Z18: =V18-$B17 -> -0.19895583 | AA18: =W18-$B17 -> 0.037567409 | AB18: =X18-$B17 -> 0.097004247 | AC18: =Y18-$B17 -> 0.03745237 | AD18: =AVERAGE(Z18:AC18) -> -0.0067329501 | AE18: {=MMULT(P18:U18,$AL$5:$AL$10)} -> -0.075961746
A19: =A18+100 -> 196606 | B19: =LOOKUP($A19,FBYields!$B$6:$B$7864,FBYields!E$6:E$864) -> 5.1063795 | C19: =LOOKUP($A19,FBYields!$B$6:$B$7864,FBYields!F$6:F$864) -> 5.078492 | D19: =LOOKUP($A19,FBYields!$B$6:$B$7864,FBYields!G$6:G$864) -> 5.1204789 | E19: =LOOKUP($A19,FBYields!$B$6:$B$7864,FBYields!H$6:H$864) -> 5.1126197 | F19: =LOOKUP($A19,FBYields!$B$6:$B$7864,FBYields!I$6:I$864) -> 5.0073775 | G19: =EXP(-B19/100*G$5) -> 0.95021805 | H19: =EXP(-C19/100*H$5) -> 0.90341808 | I19: =EXP(-D19/100*I$5) -> 0.85760268 | J19: =EXP(-E19/100*J$5) -> 0.81505084 | K19: =EXP(-F19/100*K$5) -> 0.77851356 | L19: =H19/G19 -> 0.95074818 | M19: =I19/H19 -> 0.9492866 | N19: =J19/I19 -> 0.95038281 | O19: =K19/J19 -> 0.95517177 | P19: =P18 -> 1 | Q19: =B19 -> 5.1063795 | R19: =-LN(L19)*100 -> 5.0506045 | S19: =-LN(M19)*100 -> 5.2044526 | T19: =-LN(N19)*100 -> 5.0890422 | U19: =-LN(O19)*100 -> 4.5864086 | V19: =LN(G19/H18)*100 -> 2.7571117 | W19: =LN(H19/I18)*100 -> 1.8563911 | X19: =LN(I19/J18)*100 -> 0.70815778 | Y19: =LN(J19/K18)*100 -> 0.01716717 | Z19: =V19-$B18 -> -1.2193127 | AA19: =W19-$B18 -> -2.1200333 | AB19: =X19-$B18 -> -3.2682667 | AC19: =Y19-$B18 -> -3.9592573 | AD19: =AVERAGE(Z19:AC19) -> -2.6417175 | AE19: {=MMULT(P19:U19,$AL$5:$AL$10)} -> -0.032681744
A20: =A19+100 -> 196706 | B20: =LOOKUP($A20,FBYields!$B$6:$B$7864,FBYields!E$6:E$864) -> 5.0612265 | C20: =LOOKUP($A20,FBYields!$B$6:$B$7864,FBYields!F$6:F$864) -> 4.9209553 | D20: =LOOKUP($A20,FBYields!$B$6:$B$7864,FBYields!G$6:G$864) -> 5.0505151 | E20: =LOOKUP($A20,FBYields!$B$6:$B$7864,FBYields!H$6:H$864) -> 5.1744969 | F20: =LOOKUP($A20,FBYields!$B$6:$B$7864,FBYields!I$6:I$864) -> 5.2530762 | G20: =EXP(-B20/100*G$5) -> 0.9506472 | H20: =EXP(-C20/100*H$5) -> 0.906269 | I20: =EXP(-D20/100*I$5) -> 0.8594046 | J20: =EXP(-E20/100*J$5) -> 0.81303601 | K20: =EXP(-F20/100*K$5) -> 0.76900808 | L20: =H20/G20 -> 0.95331791 | M20: =I20/H20 -> 0.94828864 | N20: =J20/I20 -> 0.94604568 | O20: =K20/J20 -> 0.94584749 | P20: =P19 -> 1 | Q20: =B20 -> 5.0612265 | R20: =-LN(L20)*100 -> 4.7806841 | S20: =-LN(M20)*100 -> 5.3096345 | T20: =-LN(N20)*100 -> 5.5464423 | U20: =-LN(O20)*100 -> 5.5673934 | V20: =LN(G20/H19)*100 -> 5.0957575 | W20: =LN(H20/I19)*100 -> 5.519526 | X20: =LN(I20/J19)*100 -> 5.2989337 | Y20: =LN(J20/K19)*100 -> 4.3389 | Z20: =V20-$B19 -> -0.010621985 | AA20: =W20-$B19 -> 0.41314644 | AB20: =X20-$B19 -> 0.19255414 | AC20: =Y20-$B19 -> -0.76747956 | AD20: =AVERAGE(Z20:AC20) -> -0.043100242 | AE20: {=MMULT(P20:U20,$AL$5:$AL$10)} -> 0.035788894
A21: =A20+100 -> 196806 | B21: =LOOKUP($A21,FBYields!$B$6:$B$7864,FBYields!E$6:E$864) -> 5.9000706 | C21: =LOOKUP($A21,FBYields!$B$6:$B$7864,FBYields!F$6:F$864) -> 5.5282486 | D21: =LOOKUP($A21,FBYields!$B$6:$B$7864,FBYields!G$6:G$864) -> 5.55201 | E21: =LOOKUP($A21,FBYields!$B$6:$B$7864,FBYields!H$6:H$864) -> 5.5389264 | F21: =LOOKUP($A21,FBYields!$B$6:$B$7864,FBYields!I$6:I$864) -> 5.3740206 | G21: =EXP(-B21/100*G$5) -> 0.9427061 | H21: =EXP(-C21/100*H$5) -> 0.89532816 | I21: =EXP(-D21/100*I$5) -> 0.84657177 | J21: =EXP(-E21/100*J$5) -> 0.8012702 | K21: =EXP(-F21/100*K$5) -> 0.76437175 | L21: =H21/G21 -> 0.94974261 | M21: =I21/H21 -> 0.94554355 | N21: =J21/I21 -> 0.94648822 | O21: =K21/J21 -> 0.95395004 | P21: =P20 -> 1 | Q21: =B21 -> 5.9000706 | R21: =-LN(L21)*100 -> 5.1564266 | S21: =-LN(M21)*100 -> 5.5995327 | T21: =-LN(N21)*100 -> 5.4996756 | U21: =-LN(O21)*100 -> 4.7143976 | V21: =LN(G21/H20)*100 -> 3.94184 | W21: =LN(H21/I20)*100 -> 4.095048 | X21: =LN(I21/J20)*100 -> 4.0419576 | Y21: =LN(J21/K20)*100 -> 4.1096754 | Z21: =V21-$B20 -> -1.1193864 | AA21: =W21-$B20 -> -0.96617847 | AB21: =X21-$B20 -> -1.0192689 | AC21: =Y21-$B20 -> -0.95155109 | AD21: =AVERAGE(Z21:AC21) -> -1.0140962 | AE21: {=MMULT(P21:U21,$AL$5:$AL$10)} -> -0.68200245
A22: =A21+100 -> 196906 | B22: =LOOKUP($A22,FBYields!$B$6:$B$7864,FBYields!E$6:E$864) -> 7.3547967 | C22: =LOOKUP($A22,FBYields!$B$6:$B$7864,FBYields!F$6:F$864) -> 7.0108835 | D22: =LOOKUP($A22,FBYields!$B$6:$B$7864,FBYields!G$6:G$864) -> 7.022405 | E22: =LOOKUP($A22,FBYields!$B$6:$B$7864,FBYields!H$6:H$864) -> 6.7959 | F22: =LOOKUP($A22,FBYields!$B$6:$B$7864,FBYields!I$6:I$864) -> 6.8481899 | G22: =EXP(-B22/100*G$5) -> 0.92909158 | H22: =EXP(-C22/100*H$5) -> 0.86916902 | I22: =EXP(-D22/100*I$5) -> 0.8100396 | J22: =EXP(-E22/100*J$5) -> 0.76197922 | K22: =EXP(-F22/100*K$5) -> 0.71005738 | L22: =H22/G22 -> 0.93550414 | M22: =I22/H22 -> 0.93197016 | N22: =J22/I22 -> 0.9406691 | O22: =K22/J22 -> 0.93185925 | P22: =P21 -> 1 | Q22: =B22 -> 7.3547967 | R22: =-LN(L22)*100 -> 6.6669703 | S22: =-LN(M22)*100 -> 7.045448 | T22: =-LN(N22)*100 -> 6.116385 | U22: =-LN(O22)*100 -> 7.0573496 | V22: =LN(G22/H21)*100 -> 3.7017005 | W22: =LN(H22/I21)*100 -> 2.6342629 | X22: =LN(I22/J21)*100 -> 1.0884905 | Y22: =LN(J22/K21)*100 -> -0.3134969 | Z22: =V22-$B21 -> -2.1983701 | AA22: =W22-$B21 -> -3.2658076 | AB22: =X22-$B21 -> -4.8115801 | AC22: =Y22-$B21 -> -6.2135675 | AD22: =AVERAGE(Z22:AC22) -> -4.1223313 | AE22: {=MMULT(P22:U22,$AL$5:$AL$10)} -> -0.045120121
... A76: =A75+100 -> 202306 | B76: =LOOKUP($A76,FBYields!$B$6:$B$7864,FBYields!E$6:E$864) -> 5.3417034 | C76: =LOOKUP($A76,FBYields!$B$6:$B$7864,FBYields!F$6:F$864) -> 4.8293151 | D76: =LOOKUP($A76,FBYields!$B$6:$B$7864,FBYields!G$6:G$864) -> 4.4132153 | E76: =LOOKUP($A76,FBYields!$B$6:$B$7864,FBYields!H$6:H$864) -> 4.2548154 | F76: =LOOKUP($A76,FBYields!$B$6:$B$7864,FBYields!I$6:I$864) -> 4.0937551 | G76: =EXP(-B76/100*G$5) -> 0.94798459 | H76: =EXP(-C76/100*H$5) -> 0.90793154 | I76: =EXP(-D76/100*I$5) -> 0.87599363 | J76: =EXP(-E76/100*J$5) -> 0.84350233 | K76: =EXP(-F76/100*K$5) -> 0.81490173 | L76: =H76/G76 -> 0.95774926 | M76: =I76/H76 -> 0.96482344 | N76: =J76/I76 -> 0.9629092 | O76: =K76/J76 -> 0.96609304 | P76: =P75 -> 1 | Q76: =B76 -> 5.3417034 | R76: =-LN(L76)*100 -> 4.3169268 | S76: =-LN(M76)*100 -> 3.5810156 | T76: =-LN(N76)*100 -> 3.7796157 | U76: =-LN(O76)*100 -> 3.4495139 | V76: =LN(G76/H75)*100 -> 0.53378723 | W76: =LN(H76/I75)*100 -> -0.67032025 | X76: =LN(I76/J75)*100 -> -1.1218185 | Y76: =LN(J76/K75)*100 -> -1.8556238 | Z76: =V76-$B75 -> -2.3410956 | AA76: =W76-$B75 -> -3.5452031 | AB76: =X76-$B75 -> -3.9967014 | AC76: =Y76-$B75 -> -4.7305066 | AD76: =AVERAGE(Z76:AC76) -> -3.6533767 | AE76: {=MMULT(P76:U76,$AL$5:$AL$10)} -> -2.7153856
